{"comment":"","charmap":{"A":[["Á",1.0]],"C":[["Č",1.0],["Ć",1.0,0]],"E":[["Ě",1.0],["É",1.0]],"D":[["Ď",1.0]],"I":[["Í",1.0]],"L":[["Ľ",1.0,0]],"O":[["Ö",1.0,0],["Ó",1.0]],"N":[["Ň",1.0]],"S":[["Ś",1.0,0],["Š",1.0]],"R":[["Ř",1.0]],"U":[["Ú",1.0],["Ü",1.0,0],["Ů",1.0]],"T":[["Ť",1.0]],"Y":[["Ý",1.0]],"Z":[["Ž",1.0]],"a":[["â",1.0,0],["ä",1.0,0],["á",1.0]],"c":[["ć",1.0],["ç",1.0,0],["č",1.0]],"e":[["é",1.0],["ę",1.0,0],["ë",1.0,0],["ě",1.0]],"d":[["ď",1.0]],"i":[["í",1.0],["î",1.0,0]],"l":[["ĺ",1.0,0],["ł",1.0,0],["ľ",1.0,0]],"o":[["ó",1.0],["ő",1.0,0],["ô",1.0,0],["ö",1.0,0]],"n":[["ń",1.0,0],["ň",1.0]],"s":[["ś",1.0,0],["š",1.0]],"r":[["ř",1.0]],"u":[["ú",1.0],["ů",1.0],["ű",1.0,0],["ü",1.0,0]],"t":[["ť",1.0]],"y":[["ý",1.0]],"z":[["ž",1.0],["ź",1.0,0]]},"name":"Czech","variant":["cs","CZ"],"version":[0,3],"local_name":"čeština"}
