{"comment":"","charmap":{
"a":[["ă",1.0],["â",1.0],["-ă",1.0,0],["-â",1.0,0]],
"A":[["Ă",1.0],["Â",1.0],["-Ă",1.0,0],["-Â",1.0,0]],
"b": [["-b",1.0,0]],
"B": [["-B",1.0,0]],
"c": [["-c",1.0,0]],
"C": [["-C",1.0,0]],
"d": [["-d",1.0,0]],
"D": [["-D",1.0,0]],
"e": [["-e",1.0,0]],
"E": [["-E",1.0,0]],
"f": [["-f",1.0,0]],
"F": [["-F",1.0,0]],
"g": [["-g",1.0,0]],
"G": [["-G",1.0,0]],
"h": [["-h",1.0,0]],
"H": [["-H",1.0,0]],
"j": [["-j",1.0,0]],
"J": [["-J",1.0,0]],
"l": [["-l",1.0,0]],
"L": [["-L",1.0,0]],
"m": [["-m",1.0,0]],
"M": [["-M",1.0,0]],
"n": [["-n",1.0,0]],
"N": [["-N",1.0,0]],
"o": [["-o",1.0,0]],
"O": [["-O",1.0,0]],
"p": [["-p",1.0,0]],
"P": [["-P",1.0,0]],
"q": [["-q",1.0,0]],
"Q": [["-Q",1.0,0]],
"r": [["-r",1.0,0]],
"R": [["-R",1.0,0]],
"u": [["-u",1.0,0]],
"U": [["-U",1.0,0]],
"v": [["-v",1.0,0]],
"V": [["-V",1.0,0]],
"w": [["-w",1.0,0]],
"W": [["-W",1.0,0]],
"z": [["-z",1.0,0]],
"Z": [["-Z",1.0,0]],
"I":[["Î",1.0],["-Î",1.0,0]],
"S":[["Ș",1.0],["-Ș",1.0,0]],
"i":[["î",1.0],["-î",1.0,0]],
"s":[["ș",1.0],["-ș",1.0,0]],
"t":[["ț",1.0],["-ț",1.0,0]],
"T":[["Ț",1.0],["-Ț",1.0,0]]
},
"name":"Romanian","variant":["ro","RO"],"version":[0,3],"local_name":"română"}
