{
    "charmap": {
    "ক": [["্ক", 1.0, 0]],
    "খ": [["্খ", 1.0, 0]],
    "গ": [["্গ", 1.0, 0]],
    "ঘ": [["্ঘ", 1.0, 0]],
    "ঙ": [["্ঙ", 1.0, 0]],
    "চ": [["্চ", 1.0, 0]],
    "ছ": [["্ছ", 1.0, 0]],
    "জ": [["্জ", 1.0, 0]],
    "ঝ": [["্ঝ", 1.0, 0]],
    "ঞ": [["্ঞ", 1.0, 0]],
    "ট": [["্ট", 1.0, 0]],
    "ঠ": [["্ঠ", 1.0, 0]],
    "ড": [["্ড", 1.0, 0]],
    "ঢ": [["্ঢ", 1.0, 0]],
    "ণ": [["্ণ", 1.0, 0]],
    "ত": [["্ত", 1.0, 0]],
    "থ": [["্থ", 1.0, 0]],
    "দ": [["্দ", 1.0, 0]],
    "ধ": [["্ধ", 1.0, 0]],
    "ন": [["্ন", 1.0, 0]],
    "প": [["্প", 1.0, 0]],
    "ফ": [["্ফ", 1.0, 0]],
    "ব": [["্ব", 1.0, 0]],
    "ভ": [["্ভ", 1.0, 0]],
    "ম": [["্ম", 1.0, 0]],
    "য": [["্য", 1.0, 0]],
    "র": [["্র", 1.0, 0]],
    "ল": [["্ল", 1.0, 0]],
    "শ": [["্শ", 1.0, 0]],
    "ষ": [["্ষ", 1.0, 0]],
    "স": [["্স", 1.0, 0]],
    "হ": [["্হ", 1.0, 0]],
    "া": [["আ", 1.0, 0]],
    "ি": [["ই", 1.0, 0]],
    "ী": [["ঈ", 1.0, 0]],
    "ু": [["উ", 1.0, 0]],
    "ূ": [["ঊ", 1.0, 0]],
    "ে": [["এ", 1.0, 0]],
    "ৈ": [["ঐ", 1.0, 0]],
    "ো": [["ও", 1.0, 0]],
    "ৌ": [["ঔ", 1.0, 0]],
    "্": [["অ", 1.0, 0]],
    "ৗ": [["ঽ", 1.0, 0]],
    "1": [["১", 1.0]],
    "2": [["২", 1.0]],
    "3": [["৩", 1.0]],
    "4": [["৪", 1.0]],
    "5": [["৫", 1.0]],
    "6": [["৬", 1.0]],
    "7": [["৭", 1.0]],
    "8": [["৮", 1.0]],
    "9": [["৯", 1.0]],
    "0": [["০", 1.0]]
    },
    "comment": "",
    "local_name": "বাংলা",
    "name": "Bengali",
    "variant": [
    "bn",
    "IN"
    ],
    "version": [
    0,
    3
    ]
}
