{"comment":"","charmap":
{
"a":[["á",1.0],["ã",1.0],["â",1.0],["à",1.0],["-a",1.0,0],["-ã",1.0,0],["-â",1.0,0],["-á",1.0,0],["-à",1.0,0],["ª",1.0]],
"A":[["Á",1.0],["Ã",1.0],["Â",1.0],["À",1.0],["-A",1.0,0],["-Á",1.0,0],["-À",1.0,0],["-Â",1.0,0],["-Ã",1.0,0],["ª",1.0]],
"c":[["ç",1.0],["-c",1.0,0]],
"C":[["Ç",1.0],["-C",1.0,0]],
"e":[["é",1.0],["ê",1.0],["è",1.0,0],["-e",1.0,0]],
"E":[["É",1.0],["Ê",1.0],["È",1.0],["-E",1.0,0]],
"i":[["í",1.0],["-i",1.0,0],["-í",1.0,0]],
"I":[["Í",1.0],["-I",1.0,0],["-Í",1.0,0]],
"o":[["ó",1.0],["õ",1.0],["ô",1.0],["-ó",1.0,0],["-o",1.0,0],["º",1.0]],
"O":[["Ó",1.0],["Õ",1.0],["Ô",1.0],["-Ó",1.0,0],["-O",1.0,0],["º",1.0]],
"U":[["Ú",1.0],["-U",1.0,0]],
"u":[["ú",1.0],["ü",1.0,0],["-u",1.0,0]],
"b": [["-b",1.0,0]],
"B": [["-B",1.0,0]],
"d": [["-d",1.0,0]],
"D": [["-D",1.0,0]],
"f": [["-f",1.0,0]],
"F": [["-F",1.0,0]],
"g": [["-g",1.0,0]],
"G": [["-G",1.0,0]],
"h": [["-h",1.0,0]],
"H": [["-H",1.0,0]],
"j": [["-j",1.0,0]],
"J": [["-J",1.0,0]],
"k": [["-k",1.0,0]],
"K": [["-K",1.0,0]],
"l": [["-l",1.0,0]],
"L": [["-L",1.0,0]],
"m": [["-m",1.0,0]],
"M": [["-M",1.0,0]],
"n": [["-n",1.0,0]],
"p": [["-p",1.0,0]],
"P": [["-P",1.0,0]],
"q": [["-q",1.0,0]],
"Q": [["-Q",1.0,0]],
"r": [["-r",1.0,0]],
"R": [["-R",1.0,0]],
"s": [["-s",1.0,0]],
"S": [["-S",1.0,0]],
"t": [["-t",1.0,0]],
"T": [["-T",1.0,0]],
"v": [["-v",1.0,0]],
"V": [["-V",1.0,0]]
},
"name":"Portuguese (Brazil)","variant":["pt","BR"],"version":[0,3],"local_name":"Português (Brasil)"}
