{
    "charmap": {
        "က": [["္က", 1.0, 0]],
        "ခ": [["္ခ", 1.0, 0]],
        "ဂ": [["္ဂ", 1.0, 0]],
        "ဃ": [["္ဃ", 1.0, 0]],
        "င": [["္င", 1.0, 0]],
        "စ": [["္စ", 1.0, 0]],
        "ဆ": [["္ဆ", 1.0, 0]],
        "ဇ": [["္ဇ", 1.0, 0]],
        "ဈ": [["္ဈ", 1.0, 0]],
        "ဉ": [["္ဉ", 1.0, 0]],
        "ည": [["္ည", 1.0, 0]],
        "ဋ": [["္ဋ", 1.0, 0]],
        "ဌ": [["္ဌ", 1.0, 0]],
        "ဍ": [["္ဍ", 1.0, 0]],
        "ဎ": [["္ဎ", 1.0, 0]],
        "ဏ": [["္ဏ", 1.0, 0]],
        "တ": [["္တ", 1.0, 0]],
        "ထ": [["္ထ", 1.0, 0]],
        "ဒ": [["္ဒ", 1.0, 0]],
        "ဓ": [["္ဓ", 1.0, 0]],
        "န": [["္န", 1.0, 0]],
        "ပ": [["္ပ", 1.0, 0]],
        "ဖ": [["္ဖ", 1.0, 0]],
        "ဗ": [["္ဗ", 1.0, 0]],
        "ဘ": [["္ဘ", 1.0, 0]],
        "မ": [["္မ", 1.0, 0]],
        "ယ": [["္ယ", 1.0, 0]],
        "ရ": [["္ရ", 1.0, 0]],
        "လ": [["္လ", 1.0, 0]],
        "ဝ": [["္ဝ", 1.0, 0]],
        "သ": [["္သ", 1.0, 0]],
        "ဟ": [["္ဟ", 1.0, 0]],
        "ဠ": [["္ဠ", 1.0, 0]],
        "ျ": [["္ျ", 1.0, 0]],
        "ြ": [["္ြ", 1.0, 0]],
        "ွ": [["္ွ", 1.0, 0]],
        "ှ": [["္ှ", 1.0, 0]],
        "ဿ": [["္ဿ", 1.0, 0]]
    },
        "name": "Burmese",
        "local_name": "မြန်မာဘာသာ",
        "variant": [
                "my",
                "MM"
        ]
}
