{"comment":"","charmap":{"a":[["à",1.0,0],["á",1.0,0],["â",1.0,0],["ä",1.0],["å",1.0],["æ",1.0]],"A":[["À",1.0,0],["Á",1.0,0],["Â",1.0,0],["Ä",1.0],["Å",1.0],["Æ",1.0]],"c":[["č",1.0,0]],"C":[["Č",1.0,0]],"e":[["è",1.0,0],["é",1.0],["ê",1.0,0],["'e",1.0,0],["ë",1.0],["ė",1.0]],"E":[["È",1.0,0],["É",1.0],["Ê",1.0,0],["'E",1.0,0],["Ë",1.0],["Ė",1.0]],"d":[["ð",1.0,0]],"D":[["Ð",1.0,0]],"h":[["'h",1.0,0]],"H":[["'H",1.0,0]],"o":[["ò",1.0,0],["ó",1.0,0],["ô",1.0,0],["ö",1.0],["ø",1.0]],"O":[["Ò",1.0,0],["Ó",1.0,0],["Ô",1.0,0],["Ö",1.0],["Ø",1.0]],"s":[["'s",1.0,0]],"S":[["'S",1.0,0]],"u":[["ù",1.0,0],["ù",1.0,0],["û",1.0,0],["ü",1.0]],"U":[["Ù",1.0,0],["Ú",1.0,0],["Û",1.0,0],["Ü",1.0]],"t":[["'t",1.0,0]],"T":[["'T",1.0,0]]},"name":"Danish","variant":["da","DK"],"version":[0,3],"local_name":"Dansk"}

