{"comment":"","charmap":{"A":[["À",1.0],["Á",1.0],["Ä",1.0]],"C":[["Č",1.0],["Ć",1.0]],"D":[["Đ",1.0]],"E":[["É",1.0],["È",1.0],["Ë",1.0]],"I":[["Í",1.0]],"O":[["Ó",1.0],["Ô",1.0],["Ò",1.0],["Ö",1.0]],"S":[["Š",1.0]],"U":[["Ú",1.0],["Ü",1.0]],"Z":[["Ž",1.0]],"a":[["á",1.0],["à",1.0],["ä",1.0]],"c":[["č",1.0],["ć",1.0]],"d":[["đ",1.0]],"e":[["é",1.0],["è",1.0],["ê",1.0],["ë",1.0]],"i":[["í",1.0]],"o":[["ò",1.0],["ó",1.0],["ô",1.0],["ö",1.0]],"s":[["š",1.0]],"u":[["ú",1.0],["ü",1.0]],"z":[["ž",1.0]]},"name":"Slovenian","variant":["sl","SI"],"version":[0,3],"local_name":"slovenščina"}
