{"comment":"","charmap":{"A":[["Á",1.0],["Ä",1.0]],"C":[["Č",1.0]],"E":[["É",1.0]],"D":[["Ď",1.0]],"I":[["Í",1.0]],"L":[["Ĺ",1.0],["Ľ",1.0]],"O":[["Ó",1.0],["Ô",1.0]],"N":[["Ň",1.0]],"S":[["Š",1.0]],"R":[["Ŕ",1.0]],"u":[["ú",1.0]],"T":[["Ť",1.0]],"y":[["ý",1.0]],"Z":[["Ž",1.0]],"a":[["á",1.0],["ä",1.0]],"c":[["č",1.0]],"e":[["é",1.0]],"d":[["ď",1.0]],"i":[["í",1.0]],"l":[["ĺ",1.0],["ľ",1.0]],"o":[["ó",1.0],["ô",1.0]],"n":[["ň",1.0]],"s":[["š",1.0]],"r":[["ŕ",1.0]],"U":[["Ú",1.0]],"t":[["ť",1.0]],"Y":[["Ý",1.0]],"z":[["ž",1.0]]},"name":"Slovak","variant":["sk","SK"],"version":[0,3],"local_name":"slovenčina"}
